{
    "epoch": 1.0,
    "eval_loss": 1.5567378997802734,
    "eval_runtime": 44.9213,
    "eval_samples_per_second": 22.795,
    "eval_steps_per_second": 5.699,
    "evaluation_time_formatted": "0:00:44",
    "evaluation_time_seconds": 44.961095333099365,
    "total_flos": 6.607626044650291e+16,
    "total_training_time_formatted": "1:34:54",
    "total_training_time_seconds": 5694.040420532227,
    "train_loss": 1.5601961612701416,
    "train_runtime": 5668.3221,
    "train_samples_per_second": 1.445,
    "train_steps_per_second": 0.045
}